-- phpMyAdmin SQL Dump
-- version 5.1.1
-- https://www.phpmyadmin.net/
--
-- Servidor: 127.0.0.1
-- Tiempo de generación: 17-09-2025 a las 20:29:10
-- Versión del servidor: 10.4.21-MariaDB
-- Versión de PHP: 7.4.23

SET SQL_MODE = "NO_AUTO_VALUE_ON_ZERO";
START TRANSACTION;
SET time_zone = "+00:00";


/*!40101 SET @OLD_CHARACTER_SET_CLIENT=@@CHARACTER_SET_CLIENT */;
/*!40101 SET @OLD_CHARACTER_SET_RESULTS=@@CHARACTER_SET_RESULTS */;
/*!40101 SET @OLD_COLLATION_CONNECTION=@@COLLATION_CONNECTION */;
/*!40101 SET NAMES utf8mb4 */;

--
-- Base de datos: `tp8_ej2`
--

-- --------------------------------------------------------

--
-- Estructura de tabla para la tabla `cliente`
--

CREATE TABLE `cliente` (
  `idCliente` int(11) NOT NULL,
  `nombre` varchar(50) NOT NULL,
  `direccion` varchar(100) DEFAULT NULL,
  `correo` varchar(50) DEFAULT NULL
) ENGINE=InnoDB DEFAULT CHARSET=utf8mb4;

--
-- Volcado de datos para la tabla `cliente`
--

INSERT INTO `cliente` (`idCliente`, `nombre`, `direccion`, `correo`) VALUES
(1, 'Pedro Gomez', 'Las Heras 652', 'Pedrog@gmail.com'),
(2, 'Juan Perez', 'Av. Mitre 123', 'juanp@gmail.com'),
(3, 'Maria Lopez', 'Belgrano 456', 'marial@gmail.com');

-- --------------------------------------------------------

--
-- Estructura de tabla para la tabla `detallepedido`
--

CREATE TABLE `detallepedido` (
  `idDetalle` int(11) NOT NULL,
  `idPedido` int(11) DEFAULT NULL,
  `idProducto` int(11) DEFAULT NULL,
  `cantidad` int(11) DEFAULT NULL
) ENGINE=InnoDB DEFAULT CHARSET=utf8mb4;

--
-- Volcado de datos para la tabla `detallepedido`
--

INSERT INTO `detallepedido` (`idDetalle`, `idPedido`, `idProducto`, `cantidad`) VALUES
(1, 1, 2033, 1),
(2, 2, 2057, 1),
(3, 2, 3024, 2),
(4, 3, 2033, 1),
(5, 3, 2901, 2),
(6, 3, 3024, 1);

-- --------------------------------------------------------

--
-- Estructura de tabla para la tabla `pedido`
--

CREATE TABLE `pedido` (
  `idPedido` int(11) NOT NULL,
  `fecha` date NOT NULL,
  `idCliente` int(11) DEFAULT NULL,
  `estado` tinyint(1) DEFAULT NULL
) ENGINE=InnoDB DEFAULT CHARSET=utf8mb4;

--
-- Volcado de datos para la tabla `pedido`
--

INSERT INTO `pedido` (`idPedido`, `fecha`, `idCliente`, `estado`) VALUES
(1, '2024-01-15', 1, 0),
(2, '2024-02-20', 2, 1),
(3, '2024-03-10', 3, 0);

-- --------------------------------------------------------

--
-- Estructura de tabla para la tabla `producto`
--

CREATE TABLE `producto` (
  `idProducto` int(11) NOT NULL,
  `nombre` varchar(50) NOT NULL,
  `descripcion` varchar(100) DEFAULT NULL,
  `precio` double NOT NULL
) ENGINE=InnoDB DEFAULT CHARSET=utf8mb4;

--
-- Volcado de datos para la tabla `producto`
--

INSERT INTO `producto` (`idProducto`, `nombre`, `descripcion`, `precio`) VALUES
(2033, 'Notebook', 'Laptop 15 pulgadas', 850000),
(2057, 'Celular', 'Smartphone Android', 400000),
(2901, 'Auriculares', 'Inalámbricos bluetooth', 35000),
(3024, 'Mouse', 'Gamer RGB', 12000);

--
-- Índices para tablas volcadas
--

--
-- Indices de la tabla `cliente`
--
ALTER TABLE `cliente`
  ADD PRIMARY KEY (`idCliente`);

--
-- Indices de la tabla `detallepedido`
--
ALTER TABLE `detallepedido`
  ADD PRIMARY KEY (`idDetalle`),
  ADD KEY `idPedido` (`idPedido`),
  ADD KEY `idProducto` (`idProducto`);

--
-- Indices de la tabla `pedido`
--
ALTER TABLE `pedido`
  ADD PRIMARY KEY (`idPedido`),
  ADD KEY `idCliente` (`idCliente`);

--
-- Indices de la tabla `producto`
--
ALTER TABLE `producto`
  ADD PRIMARY KEY (`idProducto`);

--
-- AUTO_INCREMENT de las tablas volcadas
--

--
-- AUTO_INCREMENT de la tabla `cliente`
--
ALTER TABLE `cliente`
  MODIFY `idCliente` int(11) NOT NULL AUTO_INCREMENT, AUTO_INCREMENT=4;

--
-- AUTO_INCREMENT de la tabla `detallepedido`
--
ALTER TABLE `detallepedido`
  MODIFY `idDetalle` int(11) NOT NULL AUTO_INCREMENT, AUTO_INCREMENT=7;

--
-- AUTO_INCREMENT de la tabla `pedido`
--
ALTER TABLE `pedido`
  MODIFY `idPedido` int(11) NOT NULL AUTO_INCREMENT, AUTO_INCREMENT=4;

--
-- Restricciones para tablas volcadas
--

--
-- Filtros para la tabla `detallepedido`
--
ALTER TABLE `detallepedido`
  ADD CONSTRAINT `detallepedido_ibfk_1` FOREIGN KEY (`idPedido`) REFERENCES `pedido` (`idPedido`),
  ADD CONSTRAINT `detallepedido_ibfk_2` FOREIGN KEY (`idProducto`) REFERENCES `producto` (`idProducto`);

--
-- Filtros para la tabla `pedido`
--
ALTER TABLE `pedido`
  ADD CONSTRAINT `pedido_ibfk_1` FOREIGN KEY (`idCliente`) REFERENCES `cliente` (`idCliente`);
COMMIT;

/*!40101 SET CHARACTER_SET_CLIENT=@OLD_CHARACTER_SET_CLIENT */;
/*!40101 SET CHARACTER_SET_RESULTS=@OLD_CHARACTER_SET_RESULTS */;
/*!40101 SET COLLATION_CONNECTION=@OLD_COLLATION_CONNECTION */;
